,to_state0,to_state1,to_state2,to_state3,to_state4,to_state5
from_state0,0.9037643556035047,6.213678404627938e-39,0.05901281847733487,4.3875865888032545e-110,0.03722282591916053,4.072815205403388e-58
from_state1,1.7155809306240916e-34,0.9569679348300895,0.015999837085991123,3.0694736262748505e-18,0.010820516113187125,0.016211711970732286
from_state2,7.318672276285275e-18,1.3338469173945763e-10,0.3183932706875973,1.8526765998952064e-27,0.1332770277857408,0.5483297013932772
from_state3,1.0841848960576829e-62,0.0101483360871246,8.979443337932642e-06,0.9347114941595146,2.1733038730685345e-48,0.055131190310022955
from_state4,0.03480984741238482,0.021956912910509958,1.8345058388402587e-13,1.5222004670349114e-51,0.9432332396769219,4.1007534051401006e-21
from_state5,3.19971001370358e-34,0.04987968414686886,0.05928766732173714,0.12324901688403109,1.106084657329929e-23,0.767583631647363
