,to_state0,to_state1,to_state2,to_state3,to_state4,to_state5
from_state0,0.9082261451928482,0.01683387046592644,1.009996530837383e-92,4.495444040393439e-06,4.897796824383443e-66,0.07493548889718493
from_state1,0.017294202148960446,0.797917440208278,9.611984410960238e-55,0.18478835764276064,2.6757590660821123e-37,7.413478979759269e-16
from_state2,2.036627473752599e-103,1.959971701625855e-50,0.6170702645989077,7.419464829841741e-23,0.3829297354010923,2.155652100932922e-129
from_state3,0.00570870300409191,0.02799347841453096,7.905186388001866e-14,0.9575990418900965,0.008698776691201601,4.909213275625623e-21
from_state4,2.8434476261397504e-85,9.858419016468634e-42,0.10048510966412733,0.02811379966006487,0.8714010906758077,1.4306455247293682e-115
from_state5,0.020829574370338628,6.277435554596987e-23,3.441176102317874e-129,0.006068032625263373,1.6308802899985522e-76,0.9731023930043979
