,Equity,Interest_Rates,Credit,Commodities,Emerging_Markets,Foreign_Currency,Local_Inflation,Short_Volatility,Trend_Following,Local_Equity,FF_Market,FF_SMB,FF_HML,FF_RMW,FF_CMA
Crisis,0.344489629140644,0.055736240372339395,0.05868590196038513,0.2423417314274966,0.09952191347621567,0.10598446374799925,0.09736546133782814,0.17911028556424471,0.10041585411557004,0.14449138297171885,0.13809511065723096,0.1823562924531058,0.2560973239249497,0.12157955885595402,0.10090247847150133
Steady_State,0.058248601275983636,0.023209253999028286,0.010148082583513986,0.10838489859627573,0.031835882655738224,0.0542693693316897,0.03323360673902871,0.027077498983503038,0.020989965043273894,0.03806434103532999,0.03826927479538679,0.0720609412835881,0.056590220407912326,0.04735684062003648,0.038328045179725344
WOI,0.13632897865092797,0.034719431305800914,0.020719417130423298,0.16488037091193314,0.046864542877558646,0.06584175908009778,0.04551030300681429,0.06358828827095037,0.04723311130243528,0.06432338424158239,0.06354816220934978,0.09407307346340237,0.10155723110382367,0.07418797834184875,0.062093598014666775
Inflation,0.03994732297874388,0.015352424703286047,0.007906338500453079,0.020490779179246556,0.020745598916895525,0.03486670618453262,0.019492491381672205,0.031288666917662473,0.010689870001121352,0.04804511868855577,0.1271619189802621,0.07996756744753993,0.10406706256988849,0.055165192176041385,0.046358864623723614
