,Equity,Interest_Rates,Credit,Commodities,Emerging_Markets,Foreign_Currency,Local_Inflation,Short_Volatility,Trend_Following,Local_Equity,FF_Market,FF_SMB,FF_HML,FF_RMW,FF_CMA
Crisis,-0.49626759237051266,0.07592669977669021,-0.0498228572549043,-0.3865348069177701,-0.03534891933194703,0.038947672792959964,0.023664016140154124,-0.18684063864643294,0.04884380691870595,0.05740171194817225,0.11186762391695822,0.3998215319902024,0.09384294723159764,-0.023659368777158497,-0.08328567427278008
Steady_State,0.2836370249320728,0.03619816697074308,0.01673697447677444,0.004492882935232661,0.029967274144535806,-0.012167502922353723,-0.012207962367158025,-0.009795242290108596,0.02439255039582201,-0.021917032174124596,-0.042175332923821036,-0.033189180667444966,-0.040432119397796125,-0.01229967143971075,-0.009822430033540924
WOI,0.005508251640554499,0.025269711987423293,-0.016112098341321247,0.07894872580625747,-0.04165076193786288,-0.0016960936895496887,0.018417218510739197,0.03439491589182313,0.03976850884827677,0.020042151658583907,0.002670621851596932,-0.06337204507791978,-0.0032223452848694407,0.0362996388233647,0.022347810938514318
Inflation,0.15852065472675117,-0.004127613235517737,-0.002051832468939131,-0.03405271571389345,-0.025405996841818608,0.0034149686597095188,0.01917704688003329,-0.09475233142401636,0.02500731992517473,-0.14522066083533694,0.17002696708217463,0.17485900423148293,0.04254881424320208,-0.20119502380102597,0.03831453679430197
